"Unidade";"Grupo Base";"Nome Grupo";"Fonte Recurso";"Recolhimento";"Data";"Situacao";"Guia";"Data Guia";"Valor";"Finalidade";
"EEFE    - Escola de Educação Física e Esporte";"000";"Básica";"Taxas";"00225286/2022";"07/01/2022";"Recolhido";"00001/2022";"05/01/2022";"140,00";"Ementa";
"EEFE    - Escola de Educação Física e Esporte";"000";"Básica";"Taxas";"00225260/2022";"07/01/2022";"Recolhido";"00002/2022";"05/01/2022";"10,00";"Histórico Escolar - 2a. Via";
"EEFE    - Escola de Educação Física e Esporte";"000";"Básica";"Reembolsos";"00517040/2022";"31/01/2022";"Recolhido";"00003/2022";"11/01/2022";"16,00";"REMESSA DE DIPLOMA DE CURSO DE APRENDIZAGEM MOTORA";
"EEFE    - Escola de Educação Física e Esporte";"000";"Básica";"Taxas";"00517066/2022";"31/01/2022";"Recolhido";"00005/2022";"21/01/2022";"10,00";"Histórico Escolar - 2a. Via";
"EEFE    - Escola de Educação Física e Esporte";"000";"Básica";"Taxas";"00517120/2022";"31/01/2022";"Recolhido";"00006/2022";"27/01/2022";"290,00";"EMENTA";
"EEFE    - Escola de Educação Física e Esporte";"000";"Básica";"Taxas";"00517147/2022";"31/01/2022";"Recolhido";"00007/2022";"27/01/2022";"250,00";"EMENTA";
"EEFE    - Escola de Educação Física e Esporte";"000";"Básica";"Taxas";"00517082/2022";"31/01/2022";"Recolhido";"00008/2022";"27/01/2022";"10,00";"Histórico Escolar - 2a. Via";
"EEFE    - Escola de Educação Física e Esporte";"000";"Básica";"Prestação de Serviços";"00547828/2022";"03/02/2022";"Recolhido";"00009/2022";"01/02/2022";"537,29";"Prestar consultoria junto ao Hospital Sírio Libanês na estruturação do serviço de reabilitação cardiológica e avaliação do atleta - Processo:2015.1421.39.8 - DEZEMBRO/2021 - Parte EEFE/USP";
"EEFE    - Escola de Educação Física e Esporte";"000";"Básica";"Taxas";"00547844/2022";"03/02/2022";"Recolhido";"00011/2022";"01/02/2022";"295,00";"EMENTA";
"EEFE    - Escola de Educação Física e Esporte";"000";"Básica";"Taxas";"00652834/2022";"09/02/2022";"Recolhido";"00012/2022";"07/02/2022";"315,00";"EMENTA
";
"EEFE    - Escola de Educação Física e Esporte";"000";"Básica";"Convênios";"00588141/2022";"09/02/2022";"Recolhido";"00013/2022";"09/02/2022";"17.692,05";"Boletos Bancários ano 2022 Número = 28444740000507875    data efetivação Feb  9 2022 fonte = 430 . RECOLHIMENTO DE OVERHEAD para a : <br>Unidade : Escola de Educação Física e Esporte <br>Convênio : 45014 <br>Fonte de Recurso : Convênios <br>Nome Projeto :";
"EEFE    - Escola de Educação Física e Esporte";"000";"Básica";"Convênios";"00588168/2022";"09/02/2022";"Recolhido";"00014/2022";"09/02/2022";"4.136,41";"Boletos Bancários ano 2022 Número = 28444740000508253    data efetivação Feb  9 2022 fonte = 430 . RECOLHIMENTO DE OVERHEAD para a : <br>Unidade : Escola de Educação Física e Esporte <br>Convênio : 47458 <br>Fonte de Recurso : Convênios <br>Nome Projeto :";
"EEFE    - Escola de Educação Física e Esporte";"000";"Básica";"Taxas";"00588184/2022";"09/02/2022";"Recolhido";"00015/2022";"09/02/2022";"214,00";"Boletos Bancários ano 2022 Número = 28444740000510569    data efetivação Feb  9 2022 fonte = 514 . Referente ao pagamento da taxa de Pós-graduação - Inscrição de Doutorado.";
"EEFE    - Escola de Educação Física e Esporte";"000";"Básica";"Taxas";"00673360/2022";"11/02/2022";"Recolhido";"00016/2022";"09/02/2022";"305,00";"EMENTA";
"EEFE    - Escola de Educação Física e Esporte";"000";"Básica";"Taxas";"00673343/2022";"11/02/2022";"Recolhido";"00017/2022";"09/02/2022";"20,00";"Histórico Escolar - 2a. Via";
"EEFE    - Escola de Educação Física e Esporte";"000";"Básica";"Taxas";"00954210/2022";"03/03/2022";"Recolhido";"00018/2022";"14/02/2022";"5,00";"Histórico Escolar - 2a. Via";
"EEFE    - Escola de Educação Física e Esporte";"000";"Básica";"Devolução no Exercício Receita";"00680080/2022";"14/02/2022";"Recolhido";"00019/2022";"14/02/2022";"2.000,00";"Devolução referente ao adiantamento:  202230000363";
"EEFE    - Escola de Educação Física e Esporte";"000";"Básica";"Taxas";"00954237/2022";"03/03/2022";"Recolhido";"00020/2022";"15/02/2022";"10,00";"Histórico Escolar - 2a. Via";
"EEFE    - Escola de Educação Física e Esporte";"000";"Básica";"Prestação de Serviços";"00954199/2022";"03/03/2022";"Recolhido";"00021/2022";"25/02/2022";"537,29";"Prestar consultoria junto ao Hospital Sírio Libanês na estruturação do serviço de reabilitação cardiológica e avaliação do atleta - Processo:2015.1421.39.8 - JANEIRO/2022 - Parte EEFE/USP";
"EEFE    - Escola de Educação Física e Esporte";"179";"Convênios";"Prestação de Serviços";"01022206/2022";"09/03/2022";"Recolhido";"00023/2022";"07/03/2022";"520,00";"Curso Nutrição Aplicada ao Exercício Físico 7a. Edição";
"EEFE    - Escola de Educação Física e Esporte";"000";"Básica";"Taxas";"01026937/2022";"10/03/2022";"Recolhido";"00024/2022";"10/03/2022";"214,00";"Boletos Bancários ano 2022 Número = 28444740000522630    data efetivação Mar 10 2022 fonte = 514 . Referente ao pagamento da taxa de Pós-graduação - Inscrição de Aluno Especial.";
"EEFE    - Escola de Educação Física e Esporte";"000";"Básica";"Taxas";"01026937/2022";"10/03/2022";"Recolhido";"00025/2022";"10/03/2022";"214,00";"Boletos Bancários ano 2022 Número = 28444740000522697    data efetivação Mar 10 2022 fonte = 514 . Referente ao pagamento da taxa de Pós-graduação - Inscrição de Aluno Especial.";
"EEFE    - Escola de Educação Física e Esporte";"000";"Básica";"Taxas";"01026937/2022";"10/03/2022";"Recolhido";"00026/2022";"10/03/2022";"214,00";"Boletos Bancários ano 2022 Número = 28444740000522814    data efetivação Mar 10 2022 fonte = 514 . Referente ao pagamento da taxa de Pós-graduação - Inscrição de Aluno Especial.";
"EEFE    - Escola de Educação Física e Esporte";"000";"Básica";"Taxas";"01092026/2022";"11/03/2022";"Recolhido";"00027/2022";"11/03/2022";"214,00";"Boletos Bancários ano 2022 Número = 28444740000523230    data efetivação Mar 11 2022 fonte = 514 . Referente ao pagamento da taxa de Pós-graduação - Inscrição de Aluno Especial.";
"EEFE    - Escola de Educação Física e Esporte";"000";"Básica";"Taxas";"01092026/2022";"11/03/2022";"Recolhido";"00028/2022";"11/03/2022";"214,00";"Boletos Bancários ano 2022 Número = 28444740000523692    data efetivação Mar 11 2022 fonte = 514 . Referente ao pagamento da taxa de Pós-graduação - Inscrição de Aluno Especial.";
"EEFE    - Escola de Educação Física e Esporte";"000";"Básica";"Taxas";"01092026/2022";"11/03/2022";"Recolhido";"00029/2022";"11/03/2022";"214,00";"Boletos Bancários ano 2022 Número = 28444740000523718    data efetivação Mar 11 2022 fonte = 514 . Referente ao pagamento da taxa de Pós-graduação - Inscrição de Aluno Especial.";
"EEFE    - Escola de Educação Física e Esporte";"000";"Básica";"Aluguéis";"01140039/2022";"16/03/2022";"Recolhido";"00030/2022";"11/03/2022";"8.389,92";"Locacao no dia 13/03/2022 da Piscina Semi Olimpica no periodo das 7 00 ate 19 00 h e da sala de aula de numero 60 a ser utilizada  8 00 as 14 00  gravacao de comercial Gatorade";
"EEFE    - Escola de Educação Física e Esporte";"000";"Básica";"Taxas";"01105543/2022";"14/03/2022";"Recolhido";"00031/2022";"14/03/2022";"214,00";"Boletos Bancários ano 2022 Número = 28444740000525002    data efetivação Mar 14 2022 fonte = 514 . Referente ao pagamento da taxa de Pós-graduação - Inscrição de Aluno Especial.";
"EEFE    - Escola de Educação Física e Esporte";"000";"Básica";"Taxas";"01118408/2022";"15/03/2022";"Recolhido";"00032/2022";"15/03/2022";"214,00";"Boletos Bancários ano 2022 Número = 28444740000526113    data efetivação Mar 15 2022 fonte = 514 . Referente ao pagamento da taxa de Pós-graduação - Inscrição de Doutorado.";
"EEFE    - Escola de Educação Física e Esporte";"000";"Básica";"Devolução no Exercício Receita";"01133636/2022";"16/03/2022";"Recolhido";"00033/2022";"16/03/2022";"1.879,50";"Devolução referente ao adiantamento:  202230002889";
"EEFE    - Escola de Educação Física e Esporte";"000";"Básica";"Taxas";"01301318/2022";"30/03/2022";"Recolhido";"00034/2022";"22/03/2022";"30,00";"Reposição Chaves/Cadeados";
"EEFE    - Escola de Educação Física e Esporte";"000";"Básica";"Taxas";"01211963/2022";"23/03/2022";"Recolhido";"00035/2022";"23/03/2022";"214,00";"Boletos Bancários ano 2022 Número = 28444740000536953    data efetivação Mar 23 2022 fonte = 514 . Referente ao pagamento da taxa de Pós-graduação - Inscrição de Doutorado.";
"EEFE    - Escola de Educação Física e Esporte";"000";"Básica";"Prestação de Serviços";"01301296/2022";"30/03/2022";"Recolhido";"00036/2022";"28/03/2022";"537,29";"Prestar consultoria junto ao Hospital Sírio Libanês na estruturação do serviço de reabilitação cardiológica e avaliação do atleta - Processo:2015.1421.39.8 - FEVEREIRO/2022 - Parte EEFE/USP
";
"EEFE    - Escola de Educação Física e Esporte";"000";"Básica";"Reembolsos";"01281287/2022";"29/03/2022";"Recolhido";"00038/2022";"29/03/2022";"221,08";"DEVOLUÇÃO DE DIÁRIAS";
"EEFE    - Escola de Educação Física e Esporte";"000";"Básica";"Taxas";"01711516/2022";"18/04/2022";"Recolhido";"00041/2022";"01/04/2022";"30,00";"Reposição Chaves/Cadeados";
"EEFE    - Escola de Educação Física e Esporte";"000";"Básica";"Reembolsos";"01711494/2022";"18/04/2022";"Recolhido";"00042/2022";"04/04/2022";"24,99";"Referente a devolução pagamento ISS";
"EEFE    - Escola de Educação Física e Esporte";"000";"Básica";"Convênios";"01660083/2022";"13/04/2022";"Recolhido";"00043/2022";"13/04/2022";"59,86";"Boletos Bancários ano 2022 Número = 28444740000546768    data efetivação Apr 13 2022 fonte = 430 . RECOLHIMENTO DE OVERHEAD para a : <br>Unidade : Escola de Educação Física e Esporte <br>Convênio : 45014 <br>Fonte de Recurso : Convênios <br>Nome Projeto :";
"EEFE    - Escola de Educação Física e Esporte";"179";"Convênios";"Prestação de Serviços";"01711451/2022";"18/04/2022";"Recolhido";"00044/2022";"13/04/2022";"148,00";"Curso Ressuscitação da Parada Cardíaca";
"EEFE    - Escola de Educação Física e Esporte";"179";"Convênios";"Prestação de Serviços";"01795833/2022";"20/04/2022";"Recolhido";"00045/2022";"18/04/2022";"148,00";"Curso Ressuscitação da Parada Cardíaca";
"EEFE    - Escola de Educação Física e Esporte";"000";"Básica";"Taxas";"01817659/2022";"25/04/2022";"Recolhido";"00046/2022";"19/04/2022";"30,00";"CADEADOS";
"EEFE    - Escola de Educação Física e Esporte";"000";"Básica";"Devolução no Exercício Receita";"01723450/2022";"19/04/2022";"Recolhido";"00047/2022";"19/04/2022";"2.000,00";"Devolução referente ao adiantamento:  202230005519";
"EEFE    - Escola de Educação Física e Esporte";"000";"Básica";"Prestação de Serviços";"01817594/2022";"25/04/2022";"Recolhido";"00049/2022";"20/04/2022";"325,00";"ASSESSORIA E CONSULTORIA JUNTO AO DEPARTAMENTO DE JUDÔ DO ESPORTE CLUBE PINHEIROS - PARTE EEFE/USP";
"EEFE    - Escola de Educação Física e Esporte";"179";"Convênios";"Prestação de Serviços";"02017168/2022";"02/05/2022";"Recolhido";"00052/2022";"27/04/2022";"74,00";"Curso Ressuscitação da Parada Cardíaca";
"EEFE    - Escola de Educação Física e Esporte";"000";"Básica";"Prestação de Serviços";"02017206/2022";"02/05/2022";"Recolhido";"00053/2022";"27/04/2022";"537,29";"Prestar consultoria junto ao Hospital Sírio Libanês na estruturação do serviço de reabilitação cardiológica e avaliação do atleta - Processo:2015.1421.39.8 - MARÇO/2022 - Parte EEFE/USP";
"EEFE    - Escola de Educação Física e Esporte";"000";"Básica";"Reembolsos";"02017222/2022";"02/05/2022";"Recolhido";"00055/2022";"28/04/2022";"273,00";"cessação de estágio - bolsa paga a maior";
"EEFE    - Escola de Educação Física e Esporte";"000";"Básica";"Taxas";"02087433/2022";"05/05/2022";"Recolhido";"00056/2022";"05/05/2022";"15,00";"Boletos Bancários ano 2022 Número = 28444740000563303    data efetivação May  5 2022 fonte = 693 . Referente ao pagamento da taxa de inscrição no XI FESTIVAL GYMNUSP.<br>
A inscrição só será efetivada após o pagamento deste boleto.<br>";
"EEFE    - Escola de Educação Física e Esporte";"000";"Básica";"Taxas";"02087433/2022";"05/05/2022";"Recolhido";"00057/2022";"05/05/2022";"15,00";"Boletos Bancários ano 2022 Número = 28444740000563407    data efetivação May  5 2022 fonte = 693 . Referente ao pagamento da taxa de inscrição no XI FESTIVAL GYMNUSP.<br>
A inscrição só será efetivada após o pagamento deste boleto.<br>";
"EEFE    - Escola de Educação Física e Esporte";"000";"Básica";"Taxas";"02087433/2022";"05/05/2022";"Recolhido";"00058/2022";"05/05/2022";"15,00";"Boletos Bancários ano 2022 Número = 28444740000563541    data efetivação May  5 2022 fonte = 693 . Referente ao pagamento da taxa de inscrição no XI FESTIVAL GYMNUSP.<br>
A inscrição só será efetivada após o pagamento deste boleto.<br>";
"EEFE    - Escola de Educação Física e Esporte";"000";"Básica";"Receitas Eventuais";"02285499/2022";"11/05/2022";"Recolhido";"00061/2022";"11/05/2022";"429,84";"Multa aplicada à liquidação 202202046125";
"EEFE    - Escola de Educação Física e Esporte";"000";"Básica";"Taxas";"02302890/2022";"13/05/2022";"Recolhido";"00062/2022";"13/05/2022";"15,00";"Boletos Bancários ano 2022 Número = 28444740000563651    data efetivação May 13 2022 fonte = 693 . Referente ao pagamento da taxa de inscrição no XI FESTIVAL GYMNUSP.<br>
A inscrição só será efetivada após o pagamento deste boleto.<br>";
"EEFE    - Escola de Educação Física e Esporte";"000";"Básica";"Prestação de Serviços";"02446450/2022";"25/05/2022";"Recolhido";"00063/2022";"17/05/2022";"325,00";"ASSESSORIA E CONSULTORIA JUNTO AO DEPARTAMENTO DE JUDÔ DO ESPORTE CLUBE PINHEIROS - PARTE EEFE/USP.";
"EEFE    - Escola de Educação Física e Esporte";"000";"Básica";"Prestação de Serviços";"02446476/2022";"25/05/2022";"Recolhido";"00064/2022";"23/05/2022";"720,00";"Assessoria e Consultoria junto ao Colégio Albert Sabin";
"EEFE    - Escola de Educação Física e Esporte";"179";"Convênios";"Prestação de Serviços";"02446395/2022";"25/05/2022";"Recolhido";"00066/2022";"23/05/2022";"148,00";"Curso Ressuscitação da Parada Cardíaca";
"EEFE    - Escola de Educação Física e Esporte";"000";"Básica";"Taxas";"02446530/2022";"25/05/2022";"Recolhido";"00067/2022";"23/05/2022";"260,00";"Ementa";
"EEFE    - Escola de Educação Física e Esporte";"000";"Básica";"Reembolsos";"02446492/2022";"25/05/2022";"Recolhido";"00068/2022";"23/05/2022";"16,56";"REMESSA DE DIPLOMA DE CURSO";
"EEFE    - Escola de Educação Física e Esporte";"000";"Básica";"Reembolsos";"02446514/2022";"25/05/2022";"Recolhido";"00069/2022";"23/05/2022";"16,56";"REMESSA DE DIPLOMA DE CURSO";
"EEFE    - Escola de Educação Física e Esporte";"000";"Básica";"Devolução no Exercício Receita";"02439542/2022";"25/05/2022";"Recolhido";"00071/2022";"25/05/2022";"1.953,00";"Devolução referente ao adiantamento:  202230008453";
"EEFE    - Escola de Educação Física e Esporte";"000";"Básica";"Prestação de Serviços";"02664244/2022";"01/06/2022";"Recolhido";"00072/2022";"30/05/2022";"537,29";"Prestar consultoria junto ao Hospital Sírio Libanês na estruturação do serviço de reabilitação cardiológica e avaliação do atleta - Processo:2015.1421.39.8 - ABRIL/2022 - Parte EEFE/USP
";
"EEFE    - Escola de Educação Física e Esporte";"000";"Básica";"Taxas";"02664309/2022";"01/06/2022";"Recolhido";"00074/2022";"30/05/2022";"30,00";"Reposição Chaves/Cadeados";
"EEFE    - Escola de Educação Física e Esporte";"000";"Básica";"Reembolsos";"02664260/2022";"01/06/2022";"Recolhido";"00075/2022";"30/05/2022";"16,56";"REMESSA DE DIPLOMA DE CURSO";
"EEFE    - Escola de Educação Física e Esporte";"000";"Básica";"Taxas";"02664287/2022";"01/06/2022";"Recolhido";"00076/2022";"30/05/2022";"60,00";"HISTÓRICO ESCOLAR - 2a. VIA";
"EEFE    - Escola de Educação Física e Esporte";"000";"Básica";"Prestação de Serviços";"02699161/2022";"03/06/2022";"Recolhido";"00077/2022";"01/06/2022";"148,00";"Curso da Ressuscitação da Parada Cardíaca.";
"EEFE    - Escola de Educação Física e Esporte";"000";"Básica";"Prestação de Serviços";"02857700/2022";"09/06/2022";"Recolhido";"00078/2022";"07/06/2022";"65,00";"ASSESSORIA JUNTO À ASSOCIAÇÃO ESCALAR - PARTE EEFE/USP";
"EEFE    - Escola de Educação Física e Esporte";"000";"Básica";"Taxas";"02857743/2022";"09/06/2022";"Recolhido";"00080/2022";"07/06/2022";"30,00";"Reposição Chaves/Cadeados";
"EEFE    - Escola de Educação Física e Esporte";"000";"Básica";"Taxas";"02857727/2022";"09/06/2022";"Recolhido";"00081/2022";"07/06/2022";"10,00";"Histórico Escolar - 2a. Via";
"EEFE    - Escola de Educação Física e Esporte";"000";"Básica";"Taxas";"02965457/2022";"20/06/2022";"Recolhido";"00082/2022";"15/06/2022";"5,00";"Declaração Escolar";
"EEFE    - Escola de Educação Física e Esporte";"000";"Básica";"Prestação de Serviços";"02965430/2022";"20/06/2022";"Recolhido";"00083/2022";"15/06/2022";"148,00";"Curso Ressuscitação da Parada Cardíaca";
"EEFE    - Escola de Educação Física e Esporte";"000";"Básica";"Taxas";"02965473/2022";"20/06/2022";"Recolhido";"00084/2022";"15/06/2022";"10,00";"Histórico Escolar - 2a. Via";
"EEFE    - Escola de Educação Física e Esporte";"000";"Básica";"Devolução no Exercício Receita";"02930807/2022";"17/06/2022";"Recolhido";"00085/2022";"17/06/2022";"1.757,38";"Devolução referente ao adiantamento:  202230011039";
"EEFE    - Escola de Educação Física e Esporte";"000";"Básica";"Taxas";"02947645/2022";"20/06/2022";"Recolhido";"00086/2022";"20/06/2022";"214,00";"Boletos Bancários ano 2022 Número = 28444740000587365    data efetivação Jun 20 2022 fonte = 514 . Referente ao pagamento da taxa de Pós-graduação - Inscrição de Doutorado.";
"EEFE    - Escola de Educação Física e Esporte";"000";"Básica";"Prestação de Serviços";"03009681/2022";"23/06/2022";"Recolhido";"00087/2022";"21/06/2022";"325,00";"ASSESSORIA E CONSULTORIA JUNTO AO DEPARTAMENTO DE JUDÔ DO ESPORTE CLUBE PINHEIROS - PARTE EEFE/USP";
"EEFE    - Escola de Educação Física e Esporte";"000";"Básica";"Prestação de Serviços";"03056388/2022";"28/06/2022";"Recolhido";"00090/2022";"24/06/2022";"537,29";"Prestar consultoria junto ao Hospital Sírio Libanês na estruturação do serviço de reabilitação cardiológica e avaliação do atleta - Processo:2015.1421.39.8 - MAIO/2022 - Parte EEFE/USP
";
"EEFE    - Escola de Educação Física e Esporte";"000";"Básica";"Taxas";"03460685/2022";"13/07/2022";"Recolhido";"00092/2022";"01/07/2022";"30,00";"Reposição Chaves/Cadeados";
"EEFE    - Escola de Educação Física e Esporte";"000";"Básica";"Taxas";"03296443/2022";"06/07/2022";"Recolhido";"00093/2022";"06/07/2022";"214,00";"Boletos Bancários ano 2022 Número = 28444740000595979    data efetivação Jul  6 2022 fonte = 514 . Referente ao pagamento da taxa de Pós-graduação - Inscrição de Aluno Especial.";
"EEFE    - Escola de Educação Física e Esporte";"000";"Básica";"Taxas";"03331400/2022";"07/07/2022";"Recolhido";"00094/2022";"07/07/2022";"214,00";"Boletos Bancários ano 2022 Número = 28444740000596344    data efetivação Jul  7 2022 fonte = 514 . Referente ao pagamento da taxa de Pós-graduação - Inscrição de Aluno Especial.";
"EEFE    - Escola de Educação Física e Esporte";"000";"Básica";"Taxas";"03331400/2022";"07/07/2022";"Recolhido";"00095/2022";"07/07/2022";"214,00";"Boletos Bancários ano 2022 Número = 28444740000596479    data efetivação Jul  7 2022 fonte = 514 . Referente ao pagamento da taxa de Pós-graduação - Inscrição de Aluno Especial.";
"EEFE    - Escola de Educação Física e Esporte";"000";"Básica";"Taxas";"03331400/2022";"07/07/2022";"Recolhido";"00096/2022";"07/07/2022";"214,00";"Boletos Bancários ano 2022 Número = 28444740000596744    data efetivação Jul  7 2022 fonte = 514 . Referente ao pagamento da taxa de Pós-graduação - Inscrição de Aluno Especial.";
"EEFE    - Escola de Educação Física e Esporte";"000";"Básica";"Taxas";"03347897/2022";"08/07/2022";"Recolhido";"00097/2022";"08/07/2022";"214,00";"Boletos Bancários ano 2022 Número = 28444740000597509    data efetivação Jul  8 2022 fonte = 514 . Referente ao pagamento da taxa de Pós-graduação - Inscrição de Aluno Especial.";
"EEFE    - Escola de Educação Física e Esporte";"000";"Básica";"Taxas";"03347897/2022";"08/07/2022";"Recolhido";"00098/2022";"08/07/2022";"214,00";"Boletos Bancários ano 2022 Número = 28444740000597562    data efetivação Jul  8 2022 fonte = 514 . Referente ao pagamento da taxa de Pós-graduação - Inscrição de Aluno Especial.";
"EEFE    - Escola de Educação Física e Esporte";"000";"Básica";"Taxas";"03347897/2022";"08/07/2022";"Recolhido";"00099/2022";"08/07/2022";"214,00";"Boletos Bancários ano 2022 Número = 28444740000597657    data efetivação Jul  8 2022 fonte = 514 . Referente ao pagamento da taxa de Pós-graduação - Inscrição de Aluno Especial.";
"EEFE    - Escola de Educação Física e Esporte";"000";"Básica";"Taxas";"03347897/2022";"08/07/2022";"Recolhido";"00100/2022";"08/07/2022";"214,00";"Boletos Bancários ano 2022 Número = 28444740000597785    data efetivação Jul  8 2022 fonte = 514 . Referente ao pagamento da taxa de Pós-graduação - Inscrição de Aluno Especial.";
"EEFE    - Escola de Educação Física e Esporte";"000";"Básica";"Taxas";"03419839/2022";"11/07/2022";"Recolhido";"00101/2022";"11/07/2022";"214,00";"Boletos Bancários ano 2022 Número = 28444740000597589    data efetivação Jul 11 2022 fonte = 514 . Referente ao pagamento da taxa de Pós-graduação - Inscrição de Aluno Especial.";
"EEFE    - Escola de Educação Física e Esporte";"000";"Básica";"Prestação de Serviços";"03460677/2022";"13/07/2022";"Recolhido";"00102/2022";"11/07/2022";"65,00";"ASSESSORIA JUNTO À ASSOCIAÇÃO ESCALAR - PARTE EEFE/USP";
"EEFE    - Escola de Educação Física e Esporte";"000";"Básica";"Taxas";"03435133/2022";"12/07/2022";"Recolhido";"00104/2022";"12/07/2022";"214,00";"Boletos Bancários ano 2022 Número = 28444740000598633    data efetivação Jul 12 2022 fonte = 514 . Referente ao pagamento da taxa de Pós-graduação - Inscrição de Aluno Especial.";
"EEFE    - Escola de Educação Física e Esporte";"000";"Básica";"Devolução no Exercício Receita";"03481470/2022";"15/07/2022";"Recolhido";"00105/2022";"15/07/2022";"2.000,00";"Devolução referente ao adiantamento:  202230013740";
"EEFE    - Escola de Educação Física e Esporte";"000";"Básica";"Prestação de Serviços";"03541510/2022";"20/07/2022";"Recolhido";"00106/2022";"18/07/2022";"325,00";"ASSESSORIA E CONSULTORIA JUNTO AO DEPARTAMENTO DE JUDÔ DO ESPORTE CLUBE PINHEIROS - PARTE EEFE/USP";
"EEFE    - Escola de Educação Física e Esporte";"000";"Básica";"Taxas";"03582705/2022";"26/07/2022";"Recolhido";"00108/2022";"26/07/2022";"214,00";"Boletos Bancários ano 2022 Número = 28444740000606530    data efetivação Jul 26 2022 fonte = 514 . Referente ao pagamento da taxa de Pós-graduação - Inscrição de Doutorado.";
"EEFE    - Escola de Educação Física e Esporte";"000";"Básica";"Prestação de Serviços";"03881486/2022";"08/08/2022";"Recolhido";"00109/2022";"04/08/2022";"537,29";"Prestar consultoria junto ao Hospital Sírio Libanês na estruturação do serviço de reabilitação cardiológica e avaliação do atleta - Processo:2015.1421.39.8 - JUNHO/2022 - Parte EEFE/USP";
"EEFE    - Escola de Educação Física e Esporte";"000";"Básica";"Prestação de Serviços";"03952251/2022";"09/08/2022";"Recolhido";"00112/2022";"05/08/2022";"65,00";"ASSESSORIA JUNTO À ASSOCIAÇÃO ESCALAR - PARTE EEFE/USP";
"EEFE    - Escola de Educação Física e Esporte";"000";"Básica";"Devolução no Exercício Receita";"03996992/2022";"15/08/2022";"Recolhido";"00114/2022";"15/08/2022";"1.890,00";"Devolução referente ao adiantamento:  202230016235";
"EEFE    - Escola de Educação Física e Esporte";"000";"Básica";"Prestação de Serviços";"04054974/2022";"18/08/2022";"Recolhido";"00115/2022";"16/08/2022";"325,00";"ASSESSORIA E CONSULTORIA JUNTO AO DEPARTAMENTO DE JUDÔ DO ESPORTE CLUBE PINHEIROS - PARTE EEFE/USP";
"EEFE    - Escola de Educação Física e Esporte";"000";"Básica";"Prestação de Serviços";"04069513/2022";"19/08/2022";"Recolhido";"00117/2022";"17/08/2022";"74,00";"Curso Ressuscitação da Parada Cardíaca
";
"EEFE    - Escola de Educação Física e Esporte";"000";"Básica";"Prestação de Serviços";"04069513/2022";"19/08/2022";"Recolhido";"00118/2022";"17/08/2022";"74,00";"Curso Ressuscitação da Parada Cardíaca
";
"EEFE    - Escola de Educação Física e Esporte";"000";"Básica";"Prestação de Serviços";"04069513/2022";"19/08/2022";"Recolhido";"00119/2022";"17/08/2022";"148,00";"Curso Ressuscitação da Parada Cardíaca
";
"EEFE    - Escola de Educação Física e Esporte";"000";"Básica";"Receitas Eventuais";"04101433/2022";"23/08/2022";"Recolhido";"00120/2022";"23/08/2022";"1.843,20";"Multa aplicada à liquidação 202204065690";
"EEFE    - Escola de Educação Física e Esporte";"000";"Básica";"Prestação de Serviços";"04189675/2022";"31/08/2022";"Recolhido";"00121/2022";"29/08/2022";"537,29";"Prestar consultoria junto ao Hospital Sírio Libanês na estruturação do serviço de reabilitação cardiológica e avaliação do atleta - Processo:2015.1421.39.8 - JULHO/2022 - Parte EEFE/USP";
"EEFE    - Escola de Educação Física e Esporte";"000";"Básica";"Prestação de Serviços";"04189683/2022";"31/08/2022";"Recolhido";"00123/2022";"29/08/2022";"480,00";"Assessoria e Consultoria junto ao Colégio Albert Sabin - Parte EEFE-USP";
"EEFE    - Escola de Educação Física e Esporte";"000";"Básica";"Taxas";"04178657/2022";"31/08/2022";"Recolhido";"00125/2022";"31/08/2022";"214,00";"Boletos Bancários ano 2022 Número = 28444740000631686    data efetivação Aug 31 2022 fonte = 514 . Referente ao pagamento da taxa de Pós-graduação - Inscrição de Doutorado.";
"EEFE    - Escola de Educação Física e Esporte";"000";"Básica";"Prestação de Serviços";"04416078/2022";"06/09/2022";"Recolhido";"00126/2022";"02/09/2022";"1.040,00";"Curso de Especialização:Nutrição Aplicada ao Exercício Físico - 7a. Edição";
"EEFE    - Escola de Educação Física e Esporte";"000";"Básica";"Prestação de Serviços";"04524148/2022";"12/09/2022";"Recolhido";"00127/2022";"08/09/2022";"65,00";"ASSESSORIA JUNTO À ASSOCIAÇÃO ESCALAR - PARTE EEFE/USP";
"EEFE    - Escola de Educação Física e Esporte";"000";"Básica";"Devolução no Exercício Receita";"04548225/2022";"14/09/2022";"Recolhido";"00129/2022";"14/09/2022";"1.558,00";"Devolução referente ao adiantamento:  202230018734";
"EEFE    - Escola de Educação Física e Esporte";"000";"Básica";"Prestação de Serviços";"04629403/2022";"20/09/2022";"Recolhido";"00130/2022";"16/09/2022";"325,00";"ASSESSORIA E CONSULTORIA JUNTO AO DEPARTAMENTO DE JUDÔ DO ESPORTE CLUBE PINHEIROS - PARTE EEFE/USP";
"EEFE    - Escola de Educação Física e Esporte";"000";"Básica";"Taxas";"04591015/2022";"19/09/2022";"Recolhido";"00132/2022";"19/09/2022";"50,00";"Boletos Bancários ano 2022 Número = 28444740000642115    data efetivação Sep 19 2022 fonte = 514 . Referente ao pagamento da taxa de Pós-graduação - Inscrição de Mestrado.";
"EEFE    - Escola de Educação Física e Esporte";"000";"Básica";"Taxas";"04613388/2022";"20/09/2022";"Recolhido";"00133/2022";"20/09/2022";"50,00";"Boletos Bancários ano 2022 Número = 28444740000642584    data efetivação Sep 20 2022 fonte = 514 . Referente ao pagamento da taxa de Pós-graduação - Inscrição de Mestrado.";
"EEFE    - Escola de Educação Física e Esporte";"000";"Básica";"Taxas";"04648734/2022";"22/09/2022";"Recolhido";"00134/2022";"22/09/2022";"50,00";"Boletos Bancários ano 2022 Número = 28444740000643957    data efetivação Sep 22 2022 fonte = 514 . Referente ao pagamento da taxa de Pós-graduação - Inscrição de Mestrado.";
"EEFE    - Escola de Educação Física e Esporte";"000";"Básica";"Prestação de Serviços";"04746132/2022";"30/09/2022";"Recolhido";"00137/2022";"28/09/2022";"537,29";"Prestar consultoria junto ao Hospital Sírio Libanês na estruturação do serviço de reabilitação cardiológica e avaliação do atleta - Processo:2015.1421.39.8 - AGOSTO/2022 - Parte EEFE/USP
";
"EEFE    - Escola de Educação Física e Esporte";"000";"Básica";"Taxas";"04746159/2022";"30/09/2022";"Recolhido";"00140/2022";"28/09/2022";"30,80";"Reposição Chaves/Cadeados";
"EEFE    - Escola de Educação Física e Esporte";"000";"Básica";"Taxas";"04882052/2022";"03/10/2022";"Recolhido";"00141/2022";"03/10/2022";"50,00";"Boletos Bancários ano 2022 Número = 28444740000650591    data efetivação Oct  3 2022 fonte = 514 . Referente ao pagamento da taxa de Pós-graduação - Inscrição de Mestrado.";
"EEFE    - Escola de Educação Física e Esporte";"000";"Básica";"Taxas";"04895952/2022";"04/10/2022";"Recolhido";"00142/2022";"04/10/2022";"50,00";"Boletos Bancários ano 2022 Número = 28444740000651434    data efetivação Oct  4 2022 fonte = 514 . Referente ao pagamento da taxa de Pós-graduação - Inscrição de Mestrado.";
"EEFE    - Escola de Educação Física e Esporte";"000";"Básica";"Taxas";"04913411/2022";"05/10/2022";"Recolhido";"00143/2022";"05/10/2022";"50,00";"Boletos Bancários ano 2022 Número = 28444740000651665    data efetivação Oct  5 2022 fonte = 514 . Referente ao pagamento da taxa de Pós-graduação - Inscrição de Mestrado.";
"EEFE    - Escola de Educação Física e Esporte";"000";"Básica";"Taxas";"04913411/2022";"05/10/2022";"Recolhido";"00144/2022";"05/10/2022";"50,00";"Boletos Bancários ano 2022 Número = 28444740000652290    data efetivação Oct  5 2022 fonte = 514 . Referente ao pagamento da taxa de Pós-graduação - Inscrição de Mestrado.";
"EEFE    - Escola de Educação Física e Esporte";"000";"Básica";"Taxas";"04913411/2022";"05/10/2022";"Recolhido";"00145/2022";"05/10/2022";"50,00";"Boletos Bancários ano 2022 Número = 28444740000652743    data efetivação Oct  5 2022 fonte = 514 . Referente ao pagamento da taxa de Pós-graduação - Inscrição de Mestrado.";
"EEFE    - Escola de Educação Física e Esporte";"000";"Básica";"Taxas";"04913411/2022";"05/10/2022";"Recolhido";"00146/2022";"05/10/2022";"50,00";"Boletos Bancários ano 2022 Número = 28444740000653148    data efetivação Oct  5 2022 fonte = 514 . Referente ao pagamento da taxa de Pós-graduação - Inscrição de Mestrado.";
"EEFE    - Escola de Educação Física e Esporte";"000";"Básica";"Taxas";"04913411/2022";"05/10/2022";"Recolhido";"00147/2022";"05/10/2022";"50,00";"Boletos Bancários ano 2022 Número = 28444740000653158    data efetivação Oct  5 2022 fonte = 514 . Referente ao pagamento da taxa de Pós-graduação - Inscrição de Mestrado.";
"EEFE    - Escola de Educação Física e Esporte";"000";"Básica";"Taxas";"04959063/2022";"06/10/2022";"Recolhido";"00148/2022";"06/10/2022";"50,00";"Boletos Bancários ano 2022 Número = 28444740000653182    data efetivação Oct  6 2022 fonte = 514 . Referente ao pagamento da taxa de Pós-graduação - Inscrição de Mestrado.";
"EEFE    - Escola de Educação Física e Esporte";"000";"Básica";"Prestação de Serviços";"05021654/2022";"10/10/2022";"Recolhido";"00149/2022";"06/10/2022";"65,00";"ASSESSORIA JUNTO À ASSOCIAÇÃO ESCALAR - PARTE EEFE/USP";
"EEFE    - Escola de Educação Física e Esporte";"000";"Básica";"Taxas";"04985692/2022";"07/10/2022";"Recolhido";"00151/2022";"07/10/2022";"50,00";"Boletos Bancários ano 2022 Número = 28444740000654328    data efetivação Oct  7 2022 fonte = 514 . Referente ao pagamento da taxa de Pós-graduação - Inscrição de Mestrado.";
"EEFE    - Escola de Educação Física e Esporte";"000";"Básica";"Taxas";"04985692/2022";"07/10/2022";"Recolhido";"00152/2022";"07/10/2022";"50,00";"Boletos Bancários ano 2022 Número = 28444740000654856    data efetivação Oct  7 2022 fonte = 514 . Referente ao pagamento da taxa de Pós-graduação - Inscrição de Mestrado.";
"EEFE    - Escola de Educação Física e Esporte";"000";"Básica";"Taxas";"04985692/2022";"07/10/2022";"Recolhido";"00153/2022";"07/10/2022";"50,00";"Boletos Bancários ano 2022 Número = 28444740000655003    data efetivação Oct  7 2022 fonte = 514 . Referente ao pagamento da taxa de Pós-graduação - Inscrição de Mestrado.";
"EEFE    - Escola de Educação Física e Esporte";"000";"Básica";"Taxas";"04985692/2022";"07/10/2022";"Recolhido";"00154/2022";"07/10/2022";"50,00";"Boletos Bancários ano 2022 Número = 28444740000655021    data efetivação Oct  7 2022 fonte = 514 . Referente ao pagamento da taxa de Pós-graduação - Inscrição de Mestrado.";
"EEFE    - Escola de Educação Física e Esporte";"000";"Básica";"Taxas";"05003710/2022";"10/10/2022";"Recolhido";"00155/2022";"10/10/2022";"50,00";"Boletos Bancários ano 2022 Número = 28444740000655472    data efetivação Oct 10 2022 fonte = 514 . Referente ao pagamento da taxa de Pós-graduação - Inscrição de Mestrado.";
"EEFE    - Escola de Educação Física e Esporte";"000";"Básica";"Taxas";"05003710/2022";"10/10/2022";"Recolhido";"00156/2022";"10/10/2022";"50,00";"Boletos Bancários ano 2022 Número = 28444740000656105    data efetivação Oct 10 2022 fonte = 514 . Referente ao pagamento da taxa de Pós-graduação - Inscrição de Mestrado.";
"EEFE    - Escola de Educação Física e Esporte";"000";"Básica";"Taxas";"05076092/2022";"11/10/2022";"Recolhido";"00157/2022";"11/10/2022";"50,00";"Boletos Bancários ano 2022 Número = 28444740000656834    data efetivação Oct 11 2022 fonte = 514 . Referente ao pagamento da taxa de Pós-graduação - Inscrição de Mestrado.";
"EEFE    - Escola de Educação Física e Esporte";"000";"Básica";"Taxas";"05096565/2022";"13/10/2022";"Recolhido";"00158/2022";"13/10/2022";"50,00";"Boletos Bancários ano 2022 Número = 28444740000658281    data efetivação Oct 13 2022 fonte = 514 . Referente ao pagamento da taxa de Pós-graduação - Inscrição de Mestrado.";
"EEFE    - Escola de Educação Física e Esporte";"000";"Básica";"Devolução no Exercício Receita";"05134831/2022";"17/10/2022";"Recolhido";"00159/2022";"17/10/2022";"2.000,00";"Devolução referente ao adiantamento:  202230021441";
"EEFE    - Escola de Educação Física e Esporte";"000";"Básica";"Taxas";"05223591/2022";"21/10/2022";"Recolhido";"00160/2022";"18/10/2022";"25,00";"EMENTA";
"EEFE    - Escola de Educação Física e Esporte";"000";"Básica";"Prestação de Serviços";"05223583/2022";"21/10/2022";"Recolhido";"00161/2022";"18/10/2022";"148,00";"RESSUSCITAÇÃO DA PARADA CARDÍACA";
"EEFE    - Escola de Educação Física e Esporte";"000";"Básica";"Prestação de Serviços";"05223583/2022";"21/10/2022";"Recolhido";"00162/2022";"18/10/2022";"74,00";"RESSUSCITAÇÃO DA PARADA CARDÍACA";
"EEFE    - Escola de Educação Física e Esporte";"000";"Básica";"Prestação de Serviços";"05223583/2022";"21/10/2022";"Recolhido";"00163/2022";"18/10/2022";"148,00";"RESSUSCITAÇÃO DA PARADA CARDÍACA";
"EEFE    - Escola de Educação Física e Esporte";"000";"Básica";"Prestação de Serviços";"05223583/2022";"21/10/2022";"Recolhido";"00164/2022";"18/10/2022";"74,00";"RESSUSCITAÇÃO DA PARADA CARDÍACA";
"EEFE    - Escola de Educação Física e Esporte";"000";"Básica";"Prestação de Serviços";"05223583/2022";"21/10/2022";"Recolhido";"00165/2022";"18/10/2022";"148,00";"RESSUSCITAÇÃO DA PARADA CARDÍACA";
"EEFE    - Escola de Educação Física e Esporte";"000";"Básica";"Prestação de Serviços";"05300154/2022";"28/10/2022";"Recolhido";"00166/2022";"26/10/2022";"537,29";"Prestar consultoria junto ao Hospital Sírio Libanês na estruturação do serviço de reabilitação cardiológica e avaliação do atleta - Processo:2015.1421.39.8 - SETEMBRO/2022 - Parte EEFE/USP
";
"EEFE    - Escola de Educação Física e Esporte";"000";"Básica";"Taxas";"05300162/2022";"28/10/2022";"Recolhido";"00168/2022";"26/10/2022";"10,00";"Histórico Escolar - 2a. Via";
"EEFE    - Escola de Educação Física e Esporte";"000";"Básica";"Taxas";"05492614/2022";"03/11/2022";"Recolhido";"00169/2022";"31/10/2022";"265,00";"EMENTA";
"EEFE    - Escola de Educação Física e Esporte";"000";"Básica";"Taxas";"05492622/2022";"03/11/2022";"Recolhido";"00170/2022";"31/10/2022";"30,00";"Reposição Chaves/Cadeados";
"EEFE    - Escola de Educação Física e Esporte";"000";"Básica";"Convênios";"05571743/2022";"08/11/2022";"Recolhido";"00172/2022";"08/11/2022";"4.692,56";"Boletos Bancários ano 2022 Número = 28444740000665947    data efetivação Nov  8 2022 fonte = 430 . RECOLHIMENTO DE OVERHEAD para a :
Unidade: Escola de Educação Física e Esporte
Convênio: 1014076
Fonte de Recurso: Convênios
Nome Projeto: Tópicos Avançados";
"EEFE    - Escola de Educação Física e Esporte";"000";"Básica";"Prestação de Serviços";"05708633/2022";"14/11/2022";"Recolhido";"00173/2022";"10/11/2022";"65,00";"ASSESSORIA JUNTO À ASSOCIAÇÃO ESCALAR - PARTE EEFE/USP";
"EEFE    - Escola de Educação Física e Esporte";"000";"Básica";"Taxas";"05708641/2022";"14/11/2022";"Recolhido";"00175/2022";"10/11/2022";"10,00";"Histórico Escolar - 2a. Via";
"EEFE    - Escola de Educação Física e Esporte";"000";"Básica";"Taxas";"05708650/2022";"14/11/2022";"Recolhido";"00176/2022";"10/11/2022";"30,00";"Reposição Chaves/Cadeados";
"EEFE    - Escola de Educação Física e Esporte";"000";"Básica";"Taxas";"05731724/2022";"16/11/2022";"Recolhido";"00177/2022";"11/11/2022";"170,00";"Ementa";
"EEFE    - Escola de Educação Física e Esporte";"000";"Básica";"Devolução no Exercício Receita";"05707793/2022";"14/11/2022";"Recolhido";"00178/2022";"14/11/2022";"2.000,00";"Devolução referente ao adiantamento:  202230024254";
"EEFE    - Escola de Educação Física e Esporte";"000";"Básica";"Receitas Eventuais";"05758037/2022";"17/11/2022";"Recolhido";"00179/2022";"17/11/2022";"72,90";"Multa aplicada à liquidação 202205665624";
"EEFE    - Escola de Educação Física e Esporte";"000";"Básica";"Convênios";"05781969/2022";"21/11/2022";"Recolhido";"00180/2022";"21/11/2022";"36.863,70";"Boletos Bancários ano 2022 Número = 28444740000672627    data efetivação Nov 21 2022 fonte = 430 . Recolhimento do saldo do curso para a Unidade de acordo com a Circ. SG/COP/77 de 20/10/2022.";
"EEFE    - Escola de Educação Física e Esporte";"000";"Básica";"Convênios";"05817750/2022";"23/11/2022";"Recolhido";"00181/2022";"23/11/2022";"33.107,84";"Boletos Bancários ano 2022 Número = 28444740000674092    data efetivação Nov 23 2022 fonte = 430 . Recolhimento do saldo do curso para a Unidade conforme Circ. SG/COP/77 de 20/10/22. (Refere-se ao curso TABATF 1ª Edição).";
"EEFE    - Escola de Educação Física e Esporte";"000";"Básica";"Convênios";"05817769/2022";"23/11/2022";"Recolhido";"00182/2022";"23/11/2022";"22.699,54";"Boletos Bancários ano 2022 Número = 28444740000674038    data efetivação Nov 23 2022 fonte = 430 . Recolhimento do saldo do curso para a Unidade conforme Circ. SG/COP/77 de 20/10/22. (Refere-se ao curso TABATF 2ª Edição).";
"EEFE    - Escola de Educação Física e Esporte";"000";"Básica";"Convênios";"05817777/2022";"23/11/2022";"Recolhido";"00183/2022";"23/11/2022";"26.835,91";"Boletos Bancários ano 2022 Número = 28444740000674093    data efetivação Nov 23 2022 fonte = 430 . Recolhimento do saldo do curso para a Unidade conforme Circ. SG/COP/77 de 20/10/22. (Refere-se ao curso TABATF 3ª Edição).";
"EEFE    - Escola de Educação Física e Esporte";"000";"Básica";"Taxas";"05817785/2022";"23/11/2022";"Recolhido";"00184/2022";"23/11/2022";"214,00";"Boletos Bancários ano 2022 Número = 28444740000677095    data efetivação Nov 23 2022 fonte = 514 . Referente ao pagamento da taxa de Pós-graduação - Inscrição de Doutorado.";
"EEFE    - Escola de Educação Física e Esporte";"000";"Básica";"Taxas";"05817785/2022";"23/11/2022";"Recolhido";"00185/2022";"23/11/2022";"214,00";"Boletos Bancários ano 2022 Número = 28444740000677463    data efetivação Nov 23 2022 fonte = 514 . Referente ao pagamento da taxa de Pós-graduação - Inscrição de Doutorado.";
"EEFE    - Escola de Educação Física e Esporte";"000";"Básica";"Convênios";"05850278/2022";"25/11/2022";"Recolhido";"00186/2022";"25/11/2022";"2.473,76";"Boletos Bancários ano 2022 Número = 28444740000675338    data efetivação Nov 25 2022 fonte = 430 . Recolhimento do saldo do curso para a Unidade conforme Circ. SG/COP/77 de 20/10/22. (Refere-se ao CAAM - 1ª Edição).";
"EEFE    - Escola de Educação Física e Esporte";"000";"Básica";"Taxas";"05850286/2022";"25/11/2022";"Recolhido";"00187/2022";"25/11/2022";"214,00";"Boletos Bancários ano 2022 Número = 28444740000679272    data efetivação Nov 25 2022 fonte = 514 . Referente ao pagamento da taxa de Pós-graduação - Inscrição de Doutorado.";
"EEFE    - Escola de Educação Física e Esporte";"000";"Básica";"Reembolsos";"06107455/2022";"02/12/2022";"Recolhido";"00188/2022";"29/11/2022";"26,17";"Restituição aos cofres públicos";
"EEFE    - Escola de Educação Física e Esporte";"000";"Básica";"Reembolsos";"06107447/2022";"02/12/2022";"Recolhido";"00189/2022";"29/11/2022";"18,45";"Despesas Postais";
"EEFE    - Escola de Educação Física e Esporte";"000";"Básica";"Prestação de Serviços";"06107439/2022";"02/12/2022";"Recolhido";"00190/2022";"30/11/2022";"537,29";"Prestar consultoria junto ao Hospital Sírio Libanês na estruturação do serviço de reabilitação cardiológica e avaliação do atleta - Processo:2015.1421.39.8 - OUTUBRO/2022 - Parte EEFE/USP";
"EEFE    - Escola de Educação Física e Esporte";"000";"Básica";"Convênios";"06158343/2022";"06/12/2022";"Recolhido";"00192/2022";"06/12/2022";"36.267,42";"Boletos Bancários ano 2022 Número = 28444740000680176    data efetivação Dec  6 2022 fonte = 430 . Recolhimento do saldo do curso para a Unidade conforme Circ. SG/COP/77 de 20/10/22. (Refere-se ao Curso de Especialização Treinamento de Força - 4ª Edição).";
"EEFE    - Escola de Educação Física e Esporte";"000";"Básica";"Taxas";"06311109/2022";"14/12/2022";"Recolhido";"00193/2022";"14/12/2022";"214,00";"Boletos Bancários ano 2022 Número = 28444740000685514    data efetivação Dec 14 2022 fonte = 514 . Referente ao pagamento da taxa de Pós-graduação - Inscrição de Doutorado.";
"EEFE    - Escola de Educação Física e Esporte";"000";"Básica";"Devolução no Exercício Receita";"06314191/2022";"14/12/2022";"Recolhido";"00194/2022";"14/12/2022";"1.637,00";"Devolução referente ao adiantamento:  202230027059";
"EEFE    - Escola de Educação Física e Esporte";"000";"Básica";"Taxas";"06387970/2022";"21/12/2022";"Recolhido";"00195/2022";"14/12/2022";"10,00";"Histórico Escolar - 2a. Via";
"EEFE    - Escola de Educação Física e Esporte";"000";"Básica";"Taxas";"06387997/2022";"21/12/2022";"Recolhido";"00196/2022";"14/12/2022";"310,00";"EMENTA";
"EEFE    - Escola de Educação Física e Esporte";"000";"Básica";"Taxas";"06388004/2022";"21/12/2022";"Recolhido";"00197/2022";"15/12/2022";"35,00";"Reposição Chaves/Cadeados";
"EEFE    - Escola de Educação Física e Esporte";"000";"Básica";"Receitas Eventuais";"06341075/2022";"15/12/2022";"Recolhido";"00198/2022";"15/12/2022";"2.306,40";"Multa aplicada à liquidação 202206182295";
"EEFE    - Escola de Educação Física e Esporte";"000";"Básica";"Reembolsos";"06387989/2022";"21/12/2022";"Recolhido";"00199/2022";"19/12/2022";"381,99";"PAGAMENTO INDEVIDO BANCA EXAMINADORA/AUXILIO A PROFESSOR VISITANTE/DEVOLUÇÃO AOS COFRES PUBLICOS";
"EEFE    - Escola de Educação Física e Esporte";"000";"Básica";"Prestação de Serviços";"06399839/2022";"22/12/2022";"Recolhido";"00200/2022";"20/12/2022";"537,29";"Prestar consultoria junto ao Hospital Sírio Libanês na estruturação do serviço de reabilitação cardiológica e avaliação do atleta - Processo:2015.1421.39.8 - NOVEMBRO/2022 - Parte EEFE/USP";
"EEFE    - Escola de Educação Física e Esporte";"000";"Básica";"Taxas";"06399847/2022";"22/12/2022";"Recolhido";"00202/2022";"20/12/2022";"10,00";"Histórico Escolar - 2a. Via";
"EEFE    - Escola de Educação Física e Esporte";"000";"Básica";"Taxas";"06399847/2022";"22/12/2022";"Recolhido";"00203/2022";"20/12/2022";"10,00";"Histórico Escolar - 2a. Via";
"EEFE    - Escola de Educação Física e Esporte";"000";"Básica";"Taxas";"06388705/2022";"22/12/2022";"Recolhido";"00204/2022";"22/12/2022";"214,00";"Boletos Bancários ano 2022 Número = 28444740000686521    data efetivação Dec 22 2022 fonte = 514 . Referente ao pagamento da taxa de Pós-graduação - Inscrição de Doutorado.";

